,Neighbourhood,Hood_ID,Assault Rate,Auto Theft Rate,Break&Enter Rate,Homicide Rate,Robberey Rate,Theft Over Rate,Total Average Rate,Median_Income,Average_Income,Number of Starbucks Stores,Number of Red Lights,Neighbourhood_x,"Population, 2016",Home Prices,Social Housing as a Percentage of Households,Social Housing Waitlist as a Percentage of Social Housing,Census Residents per Private dwellings,Percentage of Housing Single-detached,Percentage of Housing Apartments,Percentage of Housing Attached,Percentage of 1-person Households,Percentage of 2-person Households,Percentage of 3-person or More Households,Percentage of Households with Income < 10k,Percentage of Households with Income < 20k,Percentage of Households with Income < 30k,Percentage of Households with Income > 150k,Percentage of Households with Income > 200k,Percentage of Unsuitable Housing,Percentage of Dwellings Built in 1960 or Before,Percentage of Dwellings Built in 1990 or Before,Percentage of Dwellings Built in 2005 or Before,Percentage of Dwellings Built in 1991 or After,Percentage of Dwellings Built in 2006 or After,Percentage of Dwellings Requiring Only Regular Maintenance or Minor Repairs,Percentage of Households with Maintainer aged 34 and under,Percentage of Households with Maintainer aged 65 and older,Percentage of Households Spending over 30% of Income on Shelter,Speeding,Income Group
0,South Parkdale,85,1148.8,91.5,407.3,4.6,151.0,100.7,317.32,35601.0,46896.0,1.0,2.0,South Parkdale,21849.0,500054.0,12.78444352503103,0.7728155339805826,1.8079437318990483,1.7559262510974538,91.74714661984196,6.321334503950834,51.229148375768226,29.499561018437227,19.271290605794558,6.938954765041722,23.935002195871764,36.802810715854186,5.0065876152832685,2.1080368906455864,0.15891132572431954,42.47476963580518,81.30759104870558,87.71390960947784,18.648530057042564,12.242211496270292,89.15715539947323,34.37225636523266,13.871817383669883,49.230769230769226,26.0,25-50K
1,South Riverdale,70,936.3,143.5,477.1,0.0,125.6,75.3,292.97,65076.0,83491.0,1.0,2.0,South Riverdale,27876.0,537087.0,10.312598177819668,0.6367098248286367,2.1894439208294063,7.163561076604554,52.7536231884058,39.917184265010356,35.97181931205968,31.993369249896393,32.2420223787816,4.8053024026512015,14.540182270091135,21.541010770505384,22.12096106048053,11.888980944490473,0.06001655629139072,57.728968089515135,75.71487774554497,83.3816825528388,24.03646912556983,16.369664318276005,92.10090984284531,22.350993377483444,15.687086092715232,31.15640599001664,20.0,75-100K
2,St.Andrew-Windfields,40,325.6,196.5,466.0,0.0,67.4,33.7,181.53,94271.0,189629.0,1.0,1.0,St.Andrew-Windfields,17812.0,1363202.0,0.0,inf,2.6644727000747945,50.50583657587549,36.420233463035025,13.073929961089494,20.38910505836576,30.817120622568087,48.8715953307393,3.891050583657588,8.093385214007782,13.774319066147859,35.56420233463035,27.159533073929964,0.06842923794712286,17.43190661478599,73.92996108949416,93.07392996108948,25.758754863813227,6.6147859922178975,95.10108864696734,7.226107226107227,29.05982905982906,33.879781420765035,3.0,175-200K
3,Taylor-Massey,61,777.9,76.5,401.7,6.4,82.9,19.1,227.42,40915.0,51242.0,0.0,,Taylor-Massey,15683.0,254151.0,5.471171729696218,2.6033994334277617,2.430719156850589,9.561752988047811,80.95617529880478,9.561752988047811,30.223285486443377,28.22966507177033,41.54704944178629,5.821371610845295,17.22488038277512,29.346092503987236,4.226475279106857,1.1961722488038278,0.2892430278884462,26.39553429027113,93.54066985645932,99.2025518341308,6.299840510366826,0.6379585326953748,87.87878787878788,20.47808764940239,17.131474103585653,44.14342629482072,4.0,50-75K
4,Humber Summit,21,950.4,1087.3,459.1,24.2,225.5,177.2,487.28,57786.0,68431.0,0.0,3.0,Humber Summit,12416.0,354381.0,2.8917910447761197,1.6451612903225807,2.8955223880597014,13.461538461538463,35.769230769230774,50.51282051282051,16.28205128205128,26.025641025641022,57.82051282051282,2.310654685494223,6.290115532734275,16.302952503209244,9.242618741976893,2.952503209242619,0.16944801026957634,15.532734274711167,90.11553273427471,97.17586649550707,9.88446726572529,2.82413350449294,93.58974358974359,10.668380462724937,34.57583547557841,31.66666666666667,23.0,50-75K
5,Humbermede,22,1035.7,437.4,392.4,0.0,173.7,51.5,348.45,51959.0,61290.0,0.0,,Humbermede,15545.0,314721.0,4.044526901669759,1.944954128440367,2.8840445269016697,11.374876360039565,55.2917903066271,33.03659742828882,16.91394658753709,26.607319485657765,55.88526211671612,3.066271018793274,8.90207715133531,18.991097922848663,6.528189910979228,1.8793273986152323,0.2287128712871287,26.607319485657765,85.36102868447081,92.77942631058356,14.737883283877347,7.31948565776459,91.98019801980196,15.62809099901088,23.837784371909,37.524752475247524,8.0,50-75K
6,Centennial Scarborough,133,359.2,142.2,217.0,0.0,7.5,22.5,124.73,102864.0,119301.0,0.0,1.0,Centennial Scarborough,13362.0,491024.0,3.1313358864609144,0.4676258992805755,3.010137418337463,80.13698630136986,1.3698630136986298,18.150684931506852,11.542857142857144,30.742857142857147,57.828571428571436,1.0273972602739727,2.968036529680365,5.707762557077626,31.50684931506849,16.32420091324201,0.03424657534246575,6.841505131128848,64.99429874572407,89.85176738882555,34.89167616875713,10.034207525655644,95.89041095890413,5.24515393386545,30.10262257696693,17.505720823798626,10.0,100-125K
7,Church-Yonge Corridor,75,2804.7,172.3,966.8,3.2,456.3,134.0,756.22,47195.0,65545.0,8.0,1.0,Church-Yonge Corridor,31340.0,410703.0,16.6173861620343,0.2797700520120449,1.4256470909339034,0.0508130081300813,98.2469512195122,1.6260162601626016,58.03253685815964,33.451957295373674,8.540925266903914,10.492886178861788,21.646341463414632,29.7510162601626,10.950203252032518,5.741869918699187,0.08716645489199491,17.267648552564758,54.82478415439309,75.57135601828341,45.14982224479432,24.403250380904012,94.61518923037846,44.63922764227641,11.534552845528454,45.33401325854157,4.0,50-75K
8,Clairlea-Birchmount,120,1045.1,244.6,240.9,3.7,137.1,51.9,287.22,59224.0,72423.0,0.0,3.0,Clairlea-Birchmount,26984.0,387912.0,2.8649386084583903,2.087912087912088,2.831776681708469,33.89189189189189,35.45945945945946,30.64864864864865,20.60573282855598,27.312060573282857,52.19037317468903,2.8123309897241757,8.815575987020011,17.577068685776094,11.57382368848026,3.6776636019469984,0.13567567567567568,41.8918918918919,68.75675675675676,76.81081081081079,30.91891891891892,22.864864864864863,93.24689357104269,13.690476190476188,20.183982683982684,34.361471861471856,17.0,50-75K
9,Cliffcrest,123,834.6,119.2,288.7,0.0,156.9,18.8,236.37,68647.0,85355.0,0.0,1.0,Cliffcrest,15935.0,542218.0,8.155562848703642,0.5814889336016097,2.6148670823761075,57.23962743437765,25.317527519051648,17.273497036409818,25.317527519051648,27.18035563082134,47.332768839966135,3.132938187976291,10.668924640135476,19.64436917866215,17.950889077053343,8.382726502963589,0.08375634517766498,49.66101694915254,83.72881355932203,91.86440677966101,16.35593220338983,8.220338983050848,92.79661016949152,8.044030482641826,29.63590177815411,29.12785774767147,5.0,75-100K
10,Flemingdon Park,44,693.0,36.5,72.9,0.0,59.3,13.7,145.9,46554.0,56784.0,0.0,,Flemingdon Park,21933.0,204104.0,9.003013561024611,1.591352859135286,2.7540180813661475,0.0,90.29374201787995,9.578544061302683,25.22349936143039,26.053639846743287,48.85057471264368,5.108556832694764,14.687100893997446,26.69220945083014,4.086845466155811,1.3409961685823757,0.2835249042145594,12.579821200510855,87.03703703703705,98.53128991060024,12.899106002554278,1.40485312899106,89.33588761174968,15.13409961685824,24.52107279693487,44.95530012771392,16.0,50-75K
11,Corso Italia-Davenport,92,672.2,106.1,275.9,0.0,198.1,42.5,215.8,63149.0,75651.0,0.0,,Corso Italia-Davenport,14133.0,502819.0,1.5754700999491784,2.827956989247312,2.3942063357614773,22.56596906278435,40.67333939945404,36.578707916287534,23.40619307832423,32.60473588342441,44.1712204007286,3.8251366120218577,9.653916211293259,17.941712204007285,14.754098360655734,5.919854280510018,0.08802177858439203,71.32486388384756,91.1978221415608,95.09981851179673,8.802177858439201,4.900181488203267,92.73387829246141,20.5989110707804,22.595281306715066,32.09090909090909,4.0,75-100K
12,Ionview,125,579.1,58.6,139.3,0.0,80.6,14.7,145.38,46955.0,55996.0,0.0,,Ionview,13641.0,330109.0,6.25,1.1837349397590362,2.5679593373493974,19.72920696324952,60.9284332688588,19.342359767891683,25.338491295938105,30.270793036750483,44.58413926499033,4.162633107454018,12.97192642787996,23.33010648596321,4.937076476282671,1.3552758954501452,0.2253384912959381,43.85285575992256,90.9970958373669,98.83833494675702,8.809293320425944,0.968054211035818,90.90029041626332,15.473887814313347,22.533849129593808,33.43023255813954,,50-75K
13,Junction Area,90,591.7,215.8,292.4,0.0,97.5,55.7,208.85,60789.0,75849.0,1.0,1.0,Junction Area,14366.0,532997.0,0.9174311926605504,5.813559322033898,2.2338672057222833,12.271973466003315,53.56550580431178,34.24543946932007,33.001658374792704,30.845771144278608,36.23548922056385,3.9768019884009935,11.101905550952775,18.47555923777962,16.652858326429165,7.787903893951948,0.06716417910447761,58.92116182572614,73.3609958506224,86.72199170124482,26.721991701244807,13.360995850622409,94.68879668049792,22.30514096185738,15.505804311774463,32.55813953488372,27.0,75-100K
14,Broadview North,57,669.6,26.1,217.4,0.0,87.0,8.7,168.13,45969.0,63673.0,0.0,,Broadview North,11499.0,518555.0,4.094975911906402,1.369747899159664,1.97849277357192,15.004413062665492,73.08031774051192,11.8270079435128,43.07149161518094,30.89143865842895,25.94880847308032,4.501323918799646,14.386584289496913,25.595763459841127,10.94439541041483,5.6487202118270075,0.15092674315975288,40.688437775816425,88.96734333627536,95.32215357458077,10.856134157105028,4.501323918799646,88.87908208296558,18.197879858657245,22.968197879858657,40.22988505747128,21.0,50-75K
15,Princess-Rosethorn,10,244.3,262.4,307.7,0.0,135.7,27.1,162.87,114844.0,174858.0,1.0,1.0,Princess-Rosethorn,11051.0,971668.0,0.0,inf,2.792066700353714,85.36269430051811,11.787564766839376,2.8497409326424865,14.489003880983182,32.21216041397154,53.428201811125476,1.16580310880829,3.238341968911917,6.347150259067358,46.24352331606217,32.90155440414508,0.02590673575129533,56.27425614489004,87.19275549805953,92.62613195342821,12.289780077619664,6.856403622250969,94.17098445595856,3.891050583657588,30.4798962386511,19.455252918287933,2.0,150-175K
16,North Riverdale,68,663.0,176.2,360.9,0.0,176.2,42.0,236.38,80260.0,116136.0,0.0,,North Riverdale,11916.0,818592.0,3.0719939690915945,0.9877300613496932,2.245759517527328,16.283716283716284,43.15684315684316,40.35964035964036,33.03393213572854,30.838323353293408,36.02794411177645,3.3966033966033966,9.390609390609393,16.083916083916083,30.969030969030968,21.078921078921077,0.03896103896103896,77.24550898203594,97.2055888223553,99.00199600798405,3.0938123752495015,1.2974051896207586,92.90709290709292,15.984015984015985,20.87912087912088,26.15230460921844,22.0,100-125K
17,Etobicoke West Mall,13,430.5,84.4,67.5,16.9,84.4,50.6,122.38,56010.0,68531.0,0.0,,Etobicoke West Mall,11848.0,298426.0,2.094351597207531,1.5050505050505047,2.5064522953247304,21.04689203925845,70.11995637949836,8.615049073064341,28.02617230098146,29.77099236641221,42.20283533260633,3.489640130861505,9.814612868047982,17.993456924754636,9.814612868047982,3.2715376226826614,0.14612868047982552,23.68995633187773,86.79039301310043,89.19213973799125,13.427947598253276,11.026200873362443,93.020719738277,16.357688113413307,23.555070883315157,37.00873362445415,1.0,50-75K
18,Forest Hill North,102,304.5,203.0,296.7,0.0,148.4,15.6,161.37,61596.0,132000.0,1.0,,Forest Hill North,12806.0,957688.0,5.618948824343015,0.5692307692307692,2.2140387275242053,26.972477064220186,70.0,2.8440366972477062,35.41284403669725,28.623853211009173,35.77981651376147,3.944954128440367,11.559633027522937,20.0,24.036697247706424,18.807339449541285,0.1423324150596878,48.852157943067034,92.28650137741049,97.979797979798,7.988980716253443,2.2956841138659314,93.20477502295685,15.059687786960517,25.160697887970613,35.7208448117539,5.0,125-150K
19,Glenfield-Jane Heights,25,1128.2,282.1,124.6,6.6,164.0,39.4,290.82,46475.0,57069.0,0.0,1.0,Glenfield-Jane Heights,30491.0,304262.0,15.225942626882857,0.5979836168872086,2.9253573827113115,4.187689202825429,45.96367305751765,50.10090817356206,19.69773299748111,24.282115869017634,55.869017632241814,2.469758064516129,11.643145161290322,24.193548387096772,5.544354838709676,1.4112903225806452,0.2308467741935484,20.262096774193548,93.59879032258064,98.63911290322581,6.149193548387097,1.1088709677419355,89.15784165405952,11.743951612903226,29.6875,33.148335015136226,37.0,50-75K
20,Greenwood-Coxwell,65,894.8,173.4,332.9,0.0,69.4,34.7,250.87,57853.0,78089.0,1.0,1.0,Greenwood-Coxwell,14417.0,490920.0,14.263541828340836,0.4189336235038085,2.237622225671271,15.950413223140496,47.52066115702479,36.44628099173553,32.28736581337738,29.72749793559042,37.9851362510322,4.789430222956233,15.028901734104045,24.11230388109001,17.423616845582163,7.762180016515278,0.07927332782824112,64.0495867768595,91.5702479338843,97.10743801652893,8.429752066115702,2.8925619834710745,89.2650701899257,17.617866004962778,18.527708850289496,32.615894039735096,3.0,75-100K
21,Guildwood,140,282.3,30.3,100.8,10.1,70.6,10.1,84.03,76055.0,96885.0,0.0,,Guildwood,9917.0,444309.0,0.0,inf,2.452274975272008,54.51127819548872,29.69924812030075,15.538847117794486,28.070175438596486,33.58395989974937,38.34586466165413,1.5037593984962403,4.010025062656641,10.275689223057645,21.303258145363408,10.275689223057645,0.03759398496240601,25.563909774436087,86.2155388471178,97.8696741854637,13.659147869674186,2.0050125313283207,96.37046307884857,6.265664160401004,40.225563909774436,24.060150375939852,7.0,75-100K
22,Trinity-Bellwoods,81,767.1,151.0,664.4,0.0,145.0,24.2,291.95,56368.0,81093.0,1.0,,Trinity-Bellwoods,16556.0,723909.0,0.5554086220576567,6.2142857142857135,2.189367892092039,5.5756698044895,53.294713975380155,41.20202751629254,31.16413593637021,33.98409255242227,34.63485177151121,4.124457308248915,10.781476121562953,18.885672937771343,19.247467438494933,10.564399421128801,0.05788712011577424,73.18840579710145,89.92753623188406,95.14492753623188,10.289855072463768,5.0724637681159415,92.54163649529328,33.550253073029644,19.667389732465654,36.14545454545455,13.0,75-100K
23,Victoria Village,43,753.9,102.8,342.7,5.7,80.0,28.6,218.95,47529.0,60141.0,0.0,,Victoria Village,17510.0,365107.0,11.782597196508858,0.5151515151515151,2.3155249933879927,16.857720836142953,71.40930546190155,11.665542818610925,35.76248313090419,28.87989203778677,35.4251012145749,5.195681511470985,16.261808367071527,27.12550607287449,7.624831309041835,3.238866396761133,0.15104517869184084,29.959514170040485,82.25371120107962,97.0310391363023,17.74628879892038,2.968960863697706,93.58974358974359,13.081591368846931,28.18610923803102,38.1081081081081,56.0,50-75K
24,Waterfront Communities-The Island,77,1280.5,92.5,509.8,1.5,144.1,110.8,356.53,69107.0,89892.0,19.0,6.0,Waterfront Communities-The Island,65913.0,416759.0,8.451778262619415,0.16842105263157894,1.3961956406617382,0.6256133464180569,97.64474975466145,1.7173699705593717,54.06134969325154,35.509202453987726,10.441717791411044,6.564417177914112,12.650306748466258,18.441717791411048,18.085889570552148,9.447852760736195,0.07251533742331287,1.7298490982701509,16.844558949822105,41.68813642497853,83.14317261685683,58.29959514170041,97.76741903827282,54.20296968953246,7.829181494661921,40.670446142469814,53.0,75-100K
25,West Hill,136,1573.5,164.3,284.8,7.3,259.2,14.6,383.95,49713.0,63461.0,1.0,1.0,West Hill,27392.0,308229.0,20.24617173870905,0.34705600765916705,2.6547780577631324,32.24837255883825,41.26189283925889,26.639959939909865,27.99198798197296,25.33800701051577,46.82023034551828,5.307961942914371,17.426139208813222,27.19078617926891,8.662994491737606,3.0045067601402105,0.12224448897795592,22.59519038076152,85.42084168336673,94.93987975951904,14.529058116232465,5.0100200400801596,88.47695390781563,11.116675012518778,26.28943415122684,32.397191574724175,5.0,50-75K
26,West Humber-Clairville,1,795.5,1446.9,396.3,6.0,210.1,189.1,507.32,66241.0,76228.0,1.0,6.0,West Humber-Clairville,33312.0,317508.0,8.619284744228157,0.5850840336134454,3.016025350837483,37.60932944606414,28.66861030126336,33.6248785228377,17.509727626459146,23.638132295719853,58.90077821011674,3.5002430724355857,8.264462809917353,15.508021390374331,10.354885755955275,3.0140982012639768,0.17435648372996598,14.778804083616915,67.71998055420515,88.72143898881866,32.42586290714633,11.424404472532814,95.09232264334305,15.896937287311617,24.355858045697623,31.84031158714703,99.0,75-100K
27,Westminster-Branson,35,441.5,129.4,144.6,0.0,53.3,7.6,129.4,45888.0,63719.0,0.0,1.0,Westminster-Branson,26274.0,372380.0,5.069829730246796,2.0320754716981133,2.513296345896308,8.508557457212714,80.09779951100245,11.442542787286065,26.8685881778212,30.288226673180265,43.08744504152417,4.005862237420615,15.583781143136296,26.8685881778212,7.474352711284808,2.9799706888128967,0.17750611246943765,9.872922776148584,88.51417399804497,97.45845552297165,11.33919843597263,2.3949169110459434,91.04696673189824,11.388074291300097,31.57380254154448,46.17647058823529,13.0,50-75K
28,Kennedy Park,124,1308.2,140.2,239.4,5.8,157.7,35.0,314.38,44226.0,54737.0,0.0,,Kennedy Park,17123.0,293600.0,24.124909222948443,0.32510535821794107,2.4870007262164124,27.431610942249236,53.64741641337386,18.768996960486323,30.441400304414007,26.407914764079145,43.378995433789946,4.714828897338403,17.186311787072242,28.897338403041825,6.007604562737643,1.7490494296577948,0.1452471482889734,38.069908814589674,85.56231003039514,98.10030395136778,14.285714285714285,1.7477203647416413,90.49429657794676,11.187214611872148,23.439878234398783,35.49124143183549,11.0,50-75K
29,Kingsview Village-The Westway,6,413.6,181.8,113.6,0.0,68.2,9.1,131.05,55454.0,71539.0,1.0,1.0,Kingsview Village-The Westway,22000.0,292861.0,4.498100257384484,1.8065395095367849,2.696408873636475,27.9383429672447,63.969171483622354,7.89980732177264,22.60757867694284,29.351316634553626,48.105330764290294,2.697495183044316,8.606294155427102,18.368657675016056,10.0834938985228,4.238921001926784,0.20616570327552985,27.377892030848326,93.63753213367607,99.35732647814909,6.362467866323907,0.6426735218508998,91.25964010282776,12.733118971061096,28.81028938906752,35.11254019292605,3.0,50-75K
30,Bayview Woods-Steeles,49,342.1,136.8,152.0,7.6,38.0,15.2,115.28,70294.0,99835.0,0.0,1.0,Bayview Woods-Steeles,13154.0,784397.0,3.4729315628192032,1.0647058823529412,2.6872318692543407,33.29787234042553,49.8936170212766,16.914893617021278,20.766773162939295,32.05537806176784,47.60383386581471,3.407880724174654,7.880724174653888,15.761448349307773,21.19275825346113,12.353567625133119,0.07127659574468086,8.51063829787234,90.2127659574468,97.44680851063828,9.361702127659576,2.127659574468085,93.81663113006395,7.446808510638298,39.68085106382978,38.67521367521368,6.0,75-100K
31,Clanton Park,33,540.3,255.0,267.1,0.0,103.2,24.3,198.32,61094.0,92945.0,1.0,2.0,Clanton Park,16472.0,605585.0,7.978491498328731,0.4663023679417122,2.3938381049266093,36.717557251908396,54.50381679389314,9.007633587786259,31.12128146453089,28.75667429443173,40.198321891685744,3.435114503816794,11.755725190839696,19.84732824427481,17.786259541984734,10.534351145038169,0.14569031273836766,34.58015267175573,61.5267175572519,77.17557251908397,38.47328244274809,22.824427480916032,95.0381679389313,17.709923664122137,23.511450381679392,34.14820473644003,14.0,75-100K
32,Keelesdale-Eglinton West,110,551.6,298.4,162.8,9.0,99.5,81.4,200.45,48667.0,59972.0,0.0,1.0,Keelesdale-Eglinton West,11058.0,373029.0,7.628415300546447,0.7191977077363897,2.4170491803278686,39.90442054958184,39.90442054958184,19.83273596176822,27.63157894736842,27.15311004784689,45.33492822966507,3.5885167464114827,13.157894736842106,24.2822966507177,8.133971291866029,2.15311004784689,0.13261648745519716,44.68339307048984,80.28673835125448,94.8626045400239,19.71326164874552,5.137395459976106,93.18996415770607,13.038277511961722,27.99043062200957,36.1244019138756,23.0,50-75K
33,O'Connor-Parkview,54,781.8,155.3,289.2,0.0,80.3,37.5,224.02,54491.0,72779.0,0.0,1.0,O'Connor-Parkview,18675.0,538203.0,8.98483080513419,0.7445887445887446,2.4212368728121354,40.562248995983936,51.94109772423026,7.49665327978581,29.671801741460147,30.341594105827195,40.12056262558607,4.551539491298527,13.386880856760376,23.694779116465863,14.323962516733602,6.894243641231593,0.15127175368139226,53.85130609511052,87.94373744139317,97.38780977896853,12.391158740790356,2.9470864032150037,89.08238446081717,13.328868050904221,21.366376423308772,37.935656836461135,5.0,50-75K
34,Old East York,58,498.2,43.3,140.8,0.0,86.6,32.5,133.57,72230.0,91601.0,1.0,,Old East York,9233.0,581398.0,1.9696969696969695,1.448717948717949,2.3315656565656564,58.575197889182064,25.72559366754617,15.8311345646438,29.722589167767506,30.779392338177015,39.76221928665786,3.5667107001321003,10.039630118890356,17.569352708058126,21.532364597093792,11.360634081902244,0.0949868073878628,72.29551451187334,92.48021108179421,96.30606860158309,7.519788918205805,3.693931398416887,92.35836627140976,12.417437252311757,26.02377807133421,29.062087186261557,35.0,75-100K
35,Casa Loma,96,455.9,54.7,310.0,0.0,72.9,18.2,151.95,78152.0,175756.0,1.0,2.0,Casa Loma,10968.0,1083381.0,1.7315275158580492,0.8613861386138614,1.8803360192010967,16.173752310536045,72.18114602587802,11.460258780036966,42.090656799259946,35.245143385753934,22.849213691026826,4.440333024976873,10.26827012025902,16.651248843663275,32.65494912118409,24.514338575393158,0.043478260869565216,51.940850277264325,85.12014787430684,90.01848428835491,14.879852125693159,9.981515711645102,92.97597042513864,19.500924214417747,33.17929759704251,36.87150837988827,3.0,175-200K
36,Kensington-Chinatown,78,2078.6,217.3,1549.2,0.0,256.3,206.2,717.93,40793.0,57175.0,2.0,1.0,Kensington-Chinatown,17945.0,477989.0,26.649563878912268,0.30073161340007704,1.8414571575166752,0.8004574042309891,86.44939965694681,12.750142938822187,46.85354691075515,29.519450800915326,23.398169336384438,10.469107551487417,27.574370709382148,38.443935926773456,8.810068649885581,4.176201372997712,0.09210526315789473,31.139095592444193,74.8712077847739,88.66628506010305,24.9570692615913,11.161991986262164,90.16018306636155,38.465941614195756,20.606754436176306,48.133256748994825,18.0,50-75K
37,Kingsway South,15,302.0,302.0,269.7,0.0,129.4,43.1,174.37,131047.0,226607.0,1.0,,Kingsway South,9271.0,941223.0,0.0,inf,2.498921832884097,64.43514644351464,31.380753138075317,4.184100418410042,23.743016759776534,33.65921787709497,42.45810055865922,1.8105849582172704,3.899721448467967,7.3816155988857926,50.417827298050135,38.997214484679674,0.015341701534170154,60.3905160390516,77.82426778242677,90.37656903765689,22.87308228730823,10.320781032078104,95.67642956764296,7.2625698324022325,33.798882681564244,19.134078212290504,,225-250K
38,Runnymede-Bloor West Village,89,436.9,288.0,248.3,0.0,168.8,19.9,193.65,91230.0,122523.0,1.0,,Runnymede-Bloor West Village,10070.0,666204.0,0.1504890895410083,7.666666666666668,2.525708552796589,53.010471204188484,19.240837696335078,27.748691099476442,22.01834862385321,29.750982961992136,48.23066841415464,1.9633507853403138,4.973821989528796,9.68586387434555,35.99476439790576,22.905759162303664,0.028795811518324606,86.91099476439791,97.12041884816757,98.42931937172773,2.8795811518324608,1.5706806282722514,93.59477124183006,13.089005235602095,20.418848167539267,21.07329842931937,2.0,100-125K
39,Forest Hill South,101,242.3,186.4,326.1,0.0,149.1,37.3,156.87,78269.0,226031.0,2.0,1.0,Forest Hill South,10732.0,1585984.0,4.352699420885485,0.23605150214592274,2.0048570894825333,34.04040404040404,62.12121212121213,3.5353535353535355,40.505050505050505,32.22222222222222,27.272727272727273,3.8383838383838382,9.191919191919194,15.858585858585858,36.06060606060606,29.59595959595959,0.034378159757330634,53.131313131313135,86.26262626262627,92.3232323232323,13.737373737373733,7.6767676767676765,93.427704752275,18.806875631951467,30.535894843276036,33.333333333333336,12.0,225-250K
40,Henry Farm,53,540.6,146.3,235.3,0.0,44.5,89.0,175.95,52675.0,67979.0,0.0,,Henry Farm,15723.0,372110.0,0.0,inf,2.3657839301835693,7.776904948939513,84.99607227022781,7.148468185388845,28.144654088050316,31.21069182389937,40.80188679245283,9.897879025923016,17.596229379418695,26.551453260015712,7.776904948939513,3.613511390416339,0.2279874213836478,7.305577376276512,50.11783189316575,57.816182246661434,49.88216810683425,42.18381775333857,93.872741555381,36.0062893081761,13.757861635220126,48.65930599369085,9.0,50-75K
41,Annex,95,943.5,98.3,694.5,3.3,101.6,137.6,329.8,57825.0,114333.0,7.0,,Annex,30526.0,993491.0,4.301728422331437,0.5956354300385109,1.6856811530178364,4.047693755883277,81.33040476937559,14.590524003765294,49.51334379905808,32.778649921507075,17.676609105180535,8.377784750549107,17.132099152808284,24.34891747725133,23.846877941637906,16.75556950109821,0.05023547880690738,43.399184697397295,78.26904985888994,88.71119473189087,21.60551897146441,11.163374098463466,92.53216190775022,35.14276749294007,21.650454973329147,40.649637338379065,15.0,100-125K
42,Caledonia-Fairbank,109,813.7,110.5,90.4,0.0,180.8,20.1,202.58,56115.0,67582.0,0.0,,Caledonia-Fairbank,9955.0,400532.0,0.4066073697585769,10.25,2.5298602287166454,45.59023066485753,29.986431478968797,24.287652645861602,22.69021739130435,29.21195652173913,48.23369565217392,3.260869565217391,9.103260869565217,18.070652173913047,9.51086956521739,2.1739130434782608,0.1358695652173913,59.10326086956522,88.04347826086956,97.28260869565216,11.956521739130435,2.717391304347826,92.2554347826087,16.57608695652174,21.05978260869565,29.931972789115648,,50-75K
43,Humber Heights-Westmount,8,319.7,182.7,173.5,0.0,18.3,45.7,123.32,60410.0,81291.0,0.0,1.0,Humber Heights-Westmount,10948.0,491396.0,15.700539779394507,0.2316890881913304,2.569349917859657,40.62877871825877,52.357920193470385,7.376058041112454,29.020556227327692,31.559854897218862,39.17775090689239,1.9347037484885128,7.73881499395405,16.324062877871825,15.35671100362757,7.73881499395405,0.08695652173913042,28.41596130592503,82.95042321644499,92.38210399032648,17.04957678355502,7.617896009673519,94.07496977025393,8.333333333333334,35.99033816425121,32.043530834340984,19.0,75-100K
44,Roncesvalles,86,647.8,86.8,614.4,6.7,126.9,66.8,258.23,52154.0,78614.0,1.0,2.0,Roncesvalles,14974.0,581425.0,6.8583162217659135,0.8163672654690619,2.0498288843258043,9.796806966618288,64.36865021770681,25.616835994194485,39.2883079157589,30.428467683369647,30.501089324618736,5.3013798111837325,17.792302106027595,26.87000726216413,17.28395061728395,9.803921568627453,0.09361393323657474,70.079883805374,92.95570079883804,95.4248366013072,7.044299201161946,4.575163398692809,88.09005083514887,24.16545718432511,17.924528301886788,37.718023255813954,,75-100K
45,University,79,1630.1,118.3,1196.3,13.1,157.7,78.9,532.4,51222.0,78493.0,0.0,,University,7607.0,773920.0,9.383167799268165,0.3899721448467967,1.9882383690538419,3.6764705882352944,74.55882352941177,21.617647058823533,42.562592047128135,33.873343151693675,23.711340206185568,11.045655375552283,21.207658321060386,30.191458026509572,16.347569955817374,10.014727540500736,0.07069219440353461,57.079646017699105,85.10324483775811,88.64306784660765,15.044247787610619,11.50442477876106,91.59292035398232,42.70986745213549,19.14580265095729,46.67651403249631,9.0,75-100K
46,Hillcrest Village,48,407.5,159.4,212.6,5.9,94.5,35.4,152.55,64522.0,84085.0,0.0,,Hillcrest Village,16934.0,484743.0,15.477265883769945,0.245136186770428,2.5495332731105087,25.78125,42.109375,32.03125,23.125,30.46875,46.328125,4.534792806880375,15.94996090695856,24.70680218921032,16.262705238467554,7.5058639562157925,0.06411258795934324,7.27130570758405,92.65050820953871,99.60906958561377,7.5058639562157925,0.547302580140735,93.828125,6.953125,41.484375,35.340109460516025,16.0,75-100K
47,Mount Dennis,115,654.7,161.8,103.0,22.1,95.6,36.8,179.0,46811.0,61397.0,0.0,1.0,Mount Dennis,13593.0,273418.0,16.04158930560713,0.6307870370370371,2.5237653174897883,18.47195357833656,68.27852998065764,13.539651837524175,28.08880308880309,27.702702702702698,44.305019305019314,4.541062801932367,15.458937198067632,26.57004830917875,3.864734299516908,0.966183574879227,0.20173745173745172,31.563706563706564,77.31660231660231,94.88416988416988,22.683397683397683,5.115830115830116,88.8888888888889,17.567567567567572,17.953667953667953,41.10251450676983,5.0,50-75K
48,Dorset Park,126,663.9,240.0,228.0,8.0,140.0,32.0,218.65,51724.0,62078.0,3.0,3.0,Dorset Park,25003.0,279189.0,5.669816564758199,1.0098039215686274,2.7796553640911617,24.25968109339408,48.23462414578589,27.448747152619593,24.03189066059225,26.48063781321185,49.43052391799544,3.133903133903134,10.712250712250713,20.512820512820515,6.552706552706553,1.6524216524216524,0.1958997722095672,27.29344729344729,72.30769230769229,94.3019943019943,27.74928774928775,5.754985754985754,93.10541310541309,12.763532763532766,22.10826210826211,38.16314888762122,25.0,50-75K
49,Edenbridge-Humber Valley,9,212.4,148.1,347.6,0.0,32.2,51.5,131.97,71646.0,126895.0,1.0,,Edenbridge-Humber Valley,15535.0,873268.0,0.0,inf,2.351650015137753,40.847322142286174,54.996003197442036,4.076738609112709,28.51437699680511,32.66773162939297,38.4185303514377,2.16,6.4,13.12,27.04,20.64,0.0815347721822542,29.97601918465228,80.49560351718625,88.64908073541166,19.50439648281375,11.35091926458833,93.7649880095923,11.270983213429256,31.654676258992804,30.4,6.0,125-150K
50,Dovercourt-Wallace Emerson-Junction,93,737.2,106.5,505.1,8.2,128.3,19.1,250.73,56997.0,70393.0,1.0,2.0,Dovercourt-Wallace Emerson-Junction,36625.0,512789.0,8.462580009847366,0.6945454545454546,2.254123584441162,10.679294578706727,59.6995427824951,29.686479425212283,30.385117493472585,32.76762402088773,36.847258485639685,4.1761827079934735,13.246329526916805,22.21859706362153,12.528548123980427,4.632952691680262,0.08689970597843842,55.91503267973856,78.16993464052287,89.05228758169935,21.764705882352942,10.882352941176471,91.92282537606279,29.32723709993468,17.66819072501633,37.26260641781271,30.0,50-75K
51,Newtonbrook West,36,717.6,243.4,226.6,0.0,54.6,50.4,215.43,50150.0,70153.0,1.0,2.0,Newtonbrook West,23831.0,557468.0,2.771877655055225,2.5670498084291187,2.5309048428207306,28.236607142857146,54.63169642857143,17.075892857142858,23.939732142857146,30.580357142857146,45.59151785714285,7.477678571428571,16.852678571428573,27.67857142857143,11.272321428571427,5.245535714285714,0.16741071428571427,20.368303571428573,70.81473214285714,82.86830357142857,29.017857142857146,16.964285714285715,94.921875,16.183035714285715,27.064732142857146,46.48679033164699,9.0,50-75K
52,Niagara,82,859.5,105.8,474.7,0.0,77.0,64.1,263.52,70862.0,91004.0,5.0,1.0,Niagara,31180.0,398281.0,10.437436419125127,0.1627680311890838,1.5859613428280772,0.18646776771443796,92.78103356419818,7.112413425679275,53.72736954206603,35.35676251331203,10.915867944621937,4.52970956568079,10.311750599520384,16.040500932587268,16.466826538768984,8.180122568611777,0.058870538092701125,7.42811501597444,21.53887113951012,43.15761448349308,78.35463258785944,56.73588924387646,98.02876931273308,52.15769845498136,5.460841768779968,38.46359029074421,31.0,75-100K
53,Beechborough-Greenbrook,112,1018.7,197.7,167.2,0.0,182.5,30.4,266.08,41175.0,55939.0,0.0,,Beechborough-Greenbrook,6577.0,440179.0,19.206008583690988,0.5456238361266295,2.3522889842632333,25.047080979284374,67.60828625235405,6.967984934086629,32.83018867924528,28.86792452830189,38.49056603773585,4.150943396226415,17.358490566037734,30.754716981132077,6.037735849056604,2.2641509433962264,0.19245283018867929,39.43396226415094,82.0754716981132,99.43396226415095,18.67924528301887,1.320754716981132,91.13207547169813,15.254237288135593,20.150659133709983,35.72778827977315,8.0,50-75K
54,High Park North,88,392.6,108.3,306.8,0.0,58.7,22.6,148.17,60879.0,83257.0,1.0,,High Park North,22162.0,609689.0,5.7274066372064825,0.5582450832072617,1.9202842041417556,12.42067089755213,77.06255666364459,10.42611060743427,43.05807622504537,32.259528130671505,24.637023593466424,5.442176870748299,14.149659863945578,22.176870748299322,17.27891156462585,9.931972789115648,0.09206349206349207,39.36507936507937,88.07256235827663,93.19727891156462,12.108843537414966,6.984126984126984,92.8765880217786,26.575963718820862,19.727891156462587,36.75601999091322,,75-100K
55,High Park-Swansea,87,480.7,125.4,238.2,4.2,125.4,54.3,171.37,72286.0,111391.0,0.0,1.0,High Park-Swansea,23925.0,622206.0,4.1037653999652965,0.4799154334038055,2.0757418011452367,24.41379310344828,62.75862068965517,12.827586206896553,38.602941176470594,31.341911764705888,30.055147058823533,3.8143382352941178,8.961397058823529,16.130514705882348,24.770220588235286,15.946691176470587,0.047356321839080465,54.599816007359706,77.18491260349586,82.47470101195951,22.907083716651336,17.61729530818767,93.24137931034485,23.621323529411764,20.450367647058822,30.059935454126325,10.0,100-125K
56,Highland Creek,134,464.2,216.1,264.1,8.0,72.0,8.0,172.07,98087.0,111789.0,0.0,1.0,Highland Creek,12494.0,529278.0,0.07678525723061172,32.0,3.197850012797543,83.89715832205685,0.8119079837618404,15.290933694181328,11.216216216216216,25.135135135135137,63.24324324324325,2.2972972972972974,5.135135135135135,9.18918918918919,26.756756756756765,11.891891891891891,0.07567567567567568,9.18918918918919,67.97297297297297,92.97297297297294,32.2972972972973,7.297297297297297,96.08108108108108,5.6756756756756745,33.108108108108105,24.35723951285521,,100-125K
57,North St.James Town,74,1251.7,112.8,376.0,0.0,177.3,75.2,332.17,,,0.0,,North St. James Town,18615.0,489366.0,16.96508062122861,0.6571428571428571,1.8414284301117816,0.05232862375719519,98.58712715855572,1.2558869701726845,47.3326359832636,29.60251046025105,23.11715481171548,9.309623430962343,26.98744769874477,38.755230125523006,4.236401673640168,1.7782426778242677,0.22867608581894294,21.768707482993197,81.05703819989535,87.07482993197279,18.89063317634746,12.872841444270016,90.27196652719664,31.868131868131872,12.768184196755623,43.99580492920818,7.0,
58,Oakridge,121,1112.3,72.2,361.1,0.0,231.1,43.3,303.33,33980.0,45727.0,0.0,,Oakridge,13845.0,347446.0,26.208378088077325,0.5935792349726776,2.478517722878625,19.88636363636364,64.86742424242425,15.056818181818182,33.77483443708609,23.08420056764428,43.04635761589404,8.230842005676442,25.070955534531695,37.55912961210974,3.3112582781456954,0.9460737937559128,0.2481060606060606,32.10227272727273,89.77272727272727,96.21212121212122,10.037878787878787,3.5984848484848486,87.22800378429518,15.056818181818182,18.84469696969697,43.37121212121213,,25-50K
59,Rosedale-Moore Park,98,559.2,129.0,473.2,0.0,90.8,66.9,219.85,88855.0,233818.0,4.0,,Rosedale-Moore Park,20923.0,1265389.0,5.354139413193796,0.32460732984293195,1.955055129882265,24.39024390243902,64.65903434544549,10.900945744151318,41.34328358208956,33.631840796019894,24.97512437810945,4.226752859273994,8.552958727001492,13.674788662357034,38.53804077573345,30.382894082546,0.04773744405768274,47.787170561909505,81.35256091496768,96.46941819990057,18.746892093485826,3.630034808552959,94.52736318407959,15.755467196819087,33.94632206759443,30.719280719280718,29.0,225-250K
60,Oakwood Village,107,716.6,179.2,231.0,9.4,198.0,9.4,223.93,49838.0,66022.0,0.0,,Oakwood Village,21210.0,482040.0,10.460205739036274,0.5983436853002071,2.296697347049269,32.14491086831512,45.02587694077056,22.7142035652674,30.587557603686644,29.55069124423963,40.09216589861751,3.857225100748417,13.932066781807716,24.467472654001156,12.089810017271153,5.181347150259066,0.12428078250863063,65.22740356937247,93.72481289579737,98.27288428324698,6.275187104202647,1.7271157167530224,89.75244674726541,15.362485615650172,27.67548906789413,36.75115207373272,3.0,50-75K
61,Wexford/Maryvale,119,831.0,315.2,304.5,3.6,96.7,53.7,267.45,58939.0,70251.0,1.0,1.0,Wexford/Maryvale,27917.0,422689.0,5.524756260753202,1.0259515570934257,2.668419040336456,52.35032162295893,29.391390400791693,18.30776843146957,25.07418397626113,27.448071216617212,47.27992087042532,3.1667491340920337,10.489856506679862,19.891142998515587,10.242454230578922,3.2657100445324097,0.12469074715487385,58.90207715133531,90.40553907022749,97.23046488625124,9.841740850642928,3.016815034619189,92.62741217219198,12.815437902028696,26.71944581890153,32.92079207920792,41.0,50-75K
62,Eglinton East,138,851.8,122.9,254.7,8.8,118.5,35.1,231.97,46495.0,58035.0,0.0,2.0,Eglinton East,22776.0,274020.0,10.550067081351383,0.7953757225433526,2.7778997438712043,19.39355653821857,65.19267214150348,15.476942514213519,22.552116234996838,26.53190145293746,50.91598231206571,2.9077117572692788,10.935524652338813,22.37673830594185,5.625790139064477,1.706700379266751,0.2288242730720607,27.479469361970946,84.39671509791535,97.03095388502842,15.540113708149086,2.905874921036008,88.93805309734512,12.13653603034134,23.767383059418453,35.800126502213786,24.0,50-75K
63,Elms-Old Rexdale,5,708.5,296.1,105.8,0.0,148.1,42.3,216.8,50846.0,63201.0,0.0,,Elms-Old Rexdale,9456.0,233832.0,13.845693779904304,0.5161987041036717,2.827751196172249,30.745341614906827,44.72049689440993,24.37888198757764,19.720496894409933,27.48447204968944,52.79503105590062,2.7950310559006213,9.161490683229813,18.788819875776397,6.6770186335403725,1.8633540372670807,0.17729393468118196,30.590062111801238,94.25465838509315,98.91304347826087,5.745341614906832,1.0869565217391304,89.1304347826087,11.335403726708075,25.15527950310559,33.54037267080745,5.0,50-75K
64,Agincourt North,129,271.4,144.3,192.4,0.0,120.2,6.9,122.53,60162.0,73512.0,0.0,2.0,,,,,,,,,,,,,,,,,,,,,,,,,,,,21.0,50-75K
65,Agincourt South-Malvern West,128,517.7,261.0,420.9,0.0,122.1,63.1,230.8,59013.0,73156.0,1.0,1.0,Agincourt South-Malvern West,23757.0,332710.0,2.0152314001171647,2.238372093023256,2.78347978910369,34.29625076828519,46.15857406269207,19.729563614013518,19.778869778869783,28.562653562653562,51.47420147420147,5.593116164720343,11.247695144437618,20.03687768899816,9.342347879532884,3.503380454824831,0.11931119311193113,10.264290104486788,70.74370006146282,80.70067609096496,29.256299938537182,19.299323909035035,94.34542102028273,16.646191646191646,26.22850122850123,38.49475632325725,23.0,50-75K
66,Englemount-Lawrence,32,518.5,102.8,147.5,0.0,71.5,31.3,145.27,49762.0,82845.0,1.0,1.0,Englemount-Lawrence,22372.0,577889.0,19.05622036577105,0.2245260663507109,2.5256265522691352,23.10491206791995,67.1922377198302,9.763493026076409,34.303030303030305,24.363636363636363,41.333333333333336,3.9417828987265016,15.160703456640386,25.83383869011523,14.06913280776228,9.157064887810792,0.16737416616130987,30.503335354760466,71.19466343238327,91.51000606428137,28.68405093996361,8.368708308065495,91.6969696969697,13.28883495145631,28.701456310679607,36.44633110976349,,75-100K
67,Eringate-Centennial-West Deane,11,236.7,220.6,107.6,5.4,64.6,26.9,110.3,80894.0,94644.0,1.0,,Eringate-Centennial-West Deane,18588.0,423034.0,1.4906120108929342,0.971153846153846,2.6641823133151785,57.17407137654771,27.093954843408593,15.95047341587764,20.845481049562682,31.19533527696793,47.88629737609329,1.3119533527696794,4.154518950437318,10.349854227405247,20.99125364431487,8.60058309037901,0.06627822286962855,30.881281864530226,93.9548434085943,98.32483612527314,5.972323379461034,1.602330662782229,93.45454545454544,6.773488710852147,34.08594319009468,22.684172137126183,9.0,75-100K
68,L'Amoreaux,117,443.3,81.8,195.5,0.0,136.4,4.5,143.58,53644.0,67279.0,0.0,1.0,L'Amoreaux,43993.0,355438.0,10.02195531447759,0.5586340206185567,2.8408239700374533,24.493187105350607,50.44865403788634,25.09139248919907,19.95344196873961,28.00133022946459,52.11173927502496,4.054503157195081,11.93087404453307,21.66832834828847,9.504818876703224,3.6556995679627775,0.13568340538742932,8.05324459234609,89.31780366056574,97.47088186356072,10.848585690515806,2.6955074875207985,92.05187894911872,9.91350632069195,33.03393213572854,37.96203796203796,20.0,50-75K
69,Banbury-Don Mills,42,267.2,151.7,292.5,0.0,36.1,50.6,133.02,70039.0,115944.0,3.0,3.0,Banbury-Don Mills,27695.0,613647.0,2.4372644913012107,0.9177631578947368,2.2203960554798363,28.74226804123711,62.55670103092783,8.783505154639176,35.95876288659794,31.505154639175263,32.5360824742268,3.463917525773196,8.701030927835049,15.628865979381445,22.144329896907216,14.43298969072165,0.07136963696369637,24.494845360824737,69.77319587628865,87.38144329896906,30.22680412371134,12.618556701030927,96.12211221122112,11.097359735973596,34.48844884488449,33.47124534546959,30.0,100-125K
70,Bathurst Manor,34,315.0,151.2,138.6,0.0,75.6,31.5,118.65,56563.0,76823.0,1.0,2.0,Bathurst Manor,15873.0,568877.0,5.998753505765037,0.6025974025974026,2.4732003739482704,34.62171052631579,51.39802631578947,14.226973684210524,27.235438884331423,29.368334700574238,43.31419196062347,3.533278553820871,12.900575184880855,20.70665571076417,16.76253081347576,8.463434675431387,0.11566858080393765,35.52091878589008,79.73748974569321,91.22231337161608,19.85233798195242,8.367514356029531,93.26765188834156,13.968775677896467,28.841413311421533,35.714285714285715,18.0,75-100K
71,Alderwood,20,298.7,116.1,215.7,0.0,41.5,58.1,121.68,71585.0,85206.0,0.0,,Alderwood,12054.0,504233.0,1.7751479289940828,0.8214285714285714,2.5473372781065087,61.471861471861466,17.64069264069264,20.779220779220783,23.917748917748924,31.168831168831172,44.805194805194795,2.1645021645021645,5.8441558441558445,12.229437229437227,19.913419913419915,7.792207792207793,0.07034632034632035,62.94691224268689,89.4907908992416,94.69122426868906,10.29252437703142,5.092091007583965,94.14951245937162,9.750812567713977,27.51895991332611,21.800433839479393,14.0,75-100K
72,Regent Park,72,1444.0,194.4,601.7,9.3,129.6,46.3,404.22,32172.0,49191.0,0.0,1.0,Regent Park,10803.0,484444.0,49.99035307736832,0.2508683905827866,2.0843141038008874,0.10080645161290322,88.00403225806451,11.89516129032258,43.44758064516129,28.225806451612907,28.225806451612907,9.677419354838712,24.798387096774192,36.895161290322584,6.55241935483871,3.0241935483870965,0.15943491422805248,22.60343087790111,46.92230070635721,52.16952573158425,52.87588294651866,47.62865792129164,90.22177419354837,31.552419354838708,10.483870967741936,39.473684210526315,3.0,25-50K
73,Bendale,127,887.9,183.6,173.6,3.3,133.5,30.0,235.32,55786.0,66104.0,1.0,1.0,Bendale,29960.0,329355.0,4.498361817054811,1.3799212598425197,2.6529708669087047,35.949837436135624,48.21179749187181,15.884811890385508,26.068773234200744,29.64684014869889,44.423791821561345,7.756618671620994,14.305620065025543,22.155132373432423,8.453320947515094,2.5545750116117047,0.14398513701811425,36.91306369130637,64.29567642956765,78.84704788470479,35.611343561134355,21.05997210599721,94.8932219127205,20.194986072423397,24.83751160631384,38.332557056357714,27.0,50-75K
74,Birchcliffe-Cliffside,122,901.7,112.2,255.7,0.0,121.1,31.4,237.02,64701.0,90967.0,1.0,1.0,Birchcliffe-Cliffside,22291.0,522905.0,9.027705717546953,0.3252873563218391,2.3130642316073464,53.231939163498105,31.55893536121673,15.046170559478545,32.17391304347826,31.08695652173913,36.79347826086956,4.945652173913044,12.065217391304348,20.05434782608696,19.07608695652174,10.108695652173912,0.06195652173913044,65.76086956521739,89.78260869565219,96.7391304347826,10.16304347826087,3.2065217391304346,90.87452471482891,10.821098423056009,24.143556280587283,29.56521739130435,20.0,75-100K
75,Weston-Pellam Park,91,1018.2,135.2,216.3,9.0,81.1,27.0,247.8,,,0.0,,Weston-Pelham Park,11098.0,382119.0,15.244571177889886,0.4776978417266187,2.434305768808949,11.952662721893489,46.745562130177525,41.30177514792899,28.28402366863905,26.390532544378697,45.443786982248525,6.035502958579881,17.633136094674555,27.10059171597633,8.520710059171599,1.893491124260355,0.11938534278959813,60.94674556213018,87.81065088757397,98.3431952662722,12.544378698224852,2.0118343195266277,90.6508875739645,16.568047337278106,20.236686390532547,30.76923076923077,10.0,
76,Downsview-Roding-CFB,26,1261.0,459.3,328.1,8.6,182.6,39.9,379.92,47173.0,60018.0,0.0,4.0,Downsview-Roding-CFB,35052.0,400486.0,3.6998034260039314,2.0113851992409866,2.460825610783488,32.990476190476194,51.84761904761905,15.238095238095234,26.02896341463415,27.934451219512194,46.074695121951216,2.897445672893633,10.67479984750286,20.85398398780023,8.158597026305756,2.706824247045368,0.18947769729317576,36.66158536585366,80.41158536585365,90.20579268292684,19.588414634146346,9.794207317073173,90.20205871139916,14.405487804878051,26.44817073170732,33.51165456629729,20.0,50-75K
77,Lambton Baby Point,114,338.1,137.8,200.4,0.0,75.1,12.5,127.32,69525.0,131273.0,0.0,,Lambton Baby Point,7985.0,806452.0,20.018650917003423,0.14596273291925466,2.48212620453839,40.70512820512821,33.17307692307692,26.44230769230769,25.961538461538463,29.487179487179485,44.551282051282044,4.006410256410256,12.980769230769232,21.794871794871803,30.448717948717945,20.673076923076927,0.07200000000000001,69.76,94.88,97.28,4.64,2.24,90.04815409309792,12.32,21.12,23.2,,125-150K
78,Bay Street Corridor,76,3550.8,193.8,798.5,11.6,476.8,283.0,885.75,50363.0,84580.0,26.0,5.0,Bay Street Corridor,25797.0,457787.0,2.8259926231286614,0.5201535508637236,1.3992731612063354,0.03316749585406302,99.76782752902157,0.16583747927031509,50.44776119402986,35.35655058043117,14.129353233830845,21.5257048092869,31.011608623548927,38.57379767827529,12.305140961857381,7.330016583747928,0.12603648424543948,4.411276948590381,37.24709784411277,57.8441127694859,62.653399668325044,42.056384742951906,97.28026533996685,56.569343065693424,11.678832116788321,57.219610476830084,22.0,75-100K
79,Black Creek,24,943.1,326.6,170.2,0.0,193.2,41.4,279.08,41878.0,51384.0,0.0,1.0,Black Creek,21737.0,235143.0,18.667709555468647,0.5789106145251397,2.8336592360839528,9.289617486338797,64.13934426229507,26.775956284153004,22.646657571623464,24.82946793997272,52.25102319236017,4.232081911262799,16.72354948805461,29.283276450511945,3.1399317406143346,0.5460750853242321,0.26639344262295084,17.07650273224044,92.4863387978142,99.04371584699452,7.513661202185792,0.9562841530054644,86.47540983606558,15.552523874488404,23.53342428376535,36.81693989071038,15.0,50-75K
80,Willowdale East,51,333.1,113.0,174.5,0.0,79.3,47.6,124.58,64362.0,84813.0,2.0,1.0,Willowdale East,50434.0,540911.0,0.8702564746244927,2.0384615384615383,2.1101209154428684,15.17256835499776,79.56073509636934,5.289108023307934,33.131584846446984,32.27975790181573,34.633490248823136,12.239408204438467,19.569603227975787,27.41537771800045,13.651647612642904,7.195696032279757,0.14013452914798205,6.769782559964134,24.747814391392065,68.21340506612867,75.18493611297916,31.719345438242545,97.10762331838563,30.71748878923767,16.591928251121075,50.259418001353495,22.0,75-100K
81,Willowdale West,37,661.3,183.0,124.0,0.0,165.3,59.0,198.77,60537.0,82203.0,1.0,,Willowdale West,16936.0,541247.0,6.543332505587286,0.33396584440227706,2.102806059101068,26.887417218543053,63.907284768211916,9.139072847682119,35.25513585155732,32.40556660039761,32.40556660039761,10.397350993377485,21.721854304635762,30.198675496688747,15.960264900662253,8.47682119205298,0.0992063492063492,21.81097157964309,45.869134170522145,66.42432253800396,54.06477197620621,33.50958360872439,94.9074074074074,24.66931216931217,28.17460317460317,46.24085163007319,,75-100K
82,Rouge,131,391.4,187.1,126.9,0.0,68.8,28.0,133.7,81553.0,96452.0,1.0,2.0,Rouge,46496.0,426850.0,3.801893663510561,0.7873563218390804,3.386453022578296,56.966753828912964,11.878968995143818,31.303698169592828,12.21060492905153,21.620612397311426,66.01941747572816,1.3059701492537314,3.805970149253731,8.059701492537313,20.149253731343286,8.022388059701491,0.11019798281658573,5.115758028379386,49.551904406273344,88.49887976101569,50.26138909634055,11.314413741598209,96.71396564600448,8.66318147871546,21.88200149365198,29.222720478325854,68.0,75-100K
83,Mount Olive-Silverstone-Jamestown,2,813.3,267.0,109.2,9.1,166.9,27.3,232.13,49934.0,58605.0,0.0,,Mount Olive-Silverstone-Jamestown,32954.0,251119.0,11.2133072407045,0.9153577661431064,3.2244618395303326,16.767983789260384,63.37386018237083,19.807497467071933,15.2834008097166,20.69838056680162,63.76518218623482,3.64741641337386,10.99290780141844,20.314083080040525,4.407294832826747,1.1144883485309016,0.3093670886075949,14.227848101265822,83.64556962025317,98.73417721518987,16.354430379746834,1.2658227848101269,90.01520527116068,13.360323886639677,19.63562753036437,37.658388241256965,38.0,50-75K
84,Cabbagetown-South St.James Town,71,1079.8,188.5,925.5,0.0,145.7,34.3,395.63,,,0.0,,Cabbagetown-South St. James Town,11669.0,537025.0,21.209880195237393,0.2496513249651325,1.7259281171424343,2.4844720496894412,77.87267080745342,19.720496894409933,51.5928515928516,33.7995337995338,14.607614607614607,5.2018633540372665,18.245341614906827,27.48447204968944,17.08074534161491,10.869565217391305,0.05585725368502716,41.61490683229814,87.88819875776397,95.65217391304348,11.801242236024844,4.037267080745342,89.51863354037269,22.903726708074533,23.05900621118013,38.85003885003885,20.0,
85,Mount Pleasant East,99,280.2,95.4,292.1,0.0,77.5,17.9,127.18,84873.0,132862.0,0.0,,Mount Pleasant East,16775.0,815247.0,4.316267012313674,0.3033033033033033,2.174335709656513,29.032258064516128,44.75806451612904,26.14247311827957,35.642232683254875,29.18628110289173,35.10423671822461,3.3602150537634414,9.879032258064516,15.92741935483871,33.60215053763441,23.387096774193548,0.0531271015467384,54.6738399462004,84.93611297915265,93.27505043712172,15.063887020847346,6.724949562878279,94.4855413584398,16.812373907195695,23.940820443846675,29.42760942760943,7.0,125-150K
86,Mount Pleasant West,104,472.0,37.1,401.2,6.7,50.6,23.6,165.2,55802.0,75407.0,6.0,,Mount Pleasant West,29658.0,520032.0,7.802108678021088,0.3111573111573112,1.6035685320356854,2.715837621497999,94.56832475700399,2.8016009148084615,55.27293512432124,30.808802515004288,13.946841954844242,6.975414522584334,16.49514008004574,24.47112635791881,11.778158947970269,6.260720411663808,0.09694023448670287,15.375821663332381,64.53272363532436,82.82366390397256,35.46727636467562,17.176336096027438,95.28301886792453,32.95227207773649,17.862246356101746,41.74062410535356,13.0,75-100K
87,Blake-Jones,69,905.9,90.6,232.9,0.0,129.4,51.8,235.1,55411.0,76451.0,0.0,,Blake-Jones,7727.0,571246.0,20.12847965738758,0.3100303951367781,2.363719791985317,15.814696485623006,40.41533546325879,43.76996805111821,30.830670926517573,30.511182108626198,38.33865814696485,4.64,17.92,26.72,20.64,10.24,0.07188498402555911,70.51282051282051,95.19230769230771,98.87820512820512,4.807692307692308,1.1217948717948718,90.8653846153846,16.8,19.52,31.08974358974359,,75-100K
88,Rexdale-Kipling,4,588.8,474.9,142.5,19.0,218.4,28.5,245.35,56545.0,66781.0,0.0,,Rexdale-Kipling,10529.0,392271.0,10.82978190022562,0.4305555555555556,2.6395086487841564,46.103896103896105,29.350649350649352,24.415584415584416,25.617685305591678,27.178153446033807,46.94408322496749,4.285714285714286,12.857142857142858,21.688311688311693,8.7012987012987,2.467532467532468,0.140625,58.64759427828349,94.148244473342,97.91937581274382,5.851755526657997,2.0806241872561766,93.23797139141745,13.003901170351105,25.8777633289987,30.859375,7.0,50-75K
89,East End-Danforth,62,869.9,74.8,285.3,0.0,126.3,42.1,233.07,63526.0,85940.0,2.0,,East End-Danforth,21381.0,535867.0,10.487676979549029,0.599,2.242370214997378,19.281045751633986,47.11328976034858,33.442265795206964,34.458356015242245,29.55906369080022,35.873707131192155,5.231607629427793,16.185286103542236,25.122615803814718,20.381471389645775,10.354223433242506,0.08496732026143791,58.7465940054496,84.74114441416894,95.3133514986376,15.367847411444142,4.795640326975477,92.4333151878062,15.296679368535655,18.835057158410454,31.297709923664122,13.0,75-100K
90,New Toronto,18,968.3,191.9,209.4,0.0,148.3,8.7,254.43,44141.0,61562.0,0.0,,New Toronto,11463.0,460811.0,21.018207530493196,0.32716568544995794,2.026339048965883,28.930232558139533,58.511627906976734,12.651162790697676,40.968342644320295,30.16759776536313,28.677839851024213,5.395348837209302,19.348837209302324,31.255813953488367,11.255813953488374,4.186046511627906,0.09124767225325883,46.23255813953488,74.69767441860466,92.74418604651164,25.488372093023248,7.441860465116278,91.25581395348836,20.093023255813954,20.837209302325586,39.162790697674424,7.0,50-75K
91,Palmerston-Little Italy,80,723.3,86.8,361.6,0.0,108.5,94.0,229.03,59378.0,85549.0,0.0,1.0,Palmerston-Little Italy,13826.0,781568.0,3.818128825415331,0.648854961832061,2.0148644709997083,5.608214849921012,66.35071090047393,28.357030015797786,35.30805687203792,35.15007898894155,29.62085308056872,4.344391785150078,12.717219589257505,20.93206951026856,18.641390205371252,10.268562401263825,0.05608214849921011,75.98736176935229,94.62875197472354,97.70932069510269,5.292259083728278,2.2116903633491307,89.26598263614838,38.01261829652997,19.716088328075713,37.569060773480665,5.0,75-100K
92,Parkwoods-Donalda,45,454.0,91.9,195.4,2.9,103.4,14.4,143.67,59027.0,79219.0,0.0,,Parkwoods-Donalda,34805.0,553698.0,5.646146110193232,0.9058524173027991,2.5001795847999424,19.18888471648517,59.29402929027413,21.517085993240705,25.33783783783784,29.204204204204203,45.457957957957966,3.983464862833521,10.259301014656144,19.203307027433297,13.378429161969185,6.689214580984593,0.1453794139744553,29.23076923076923,89.9812382739212,96.9606003752345,10.093808630393996,3.1144465290806758,91.46937241638479,13.786626596543954,25.507137490608567,37.14177978883861,5.0,75-100K
93,Pelmo Park-Humberlea,23,736.8,671.5,205.2,9.3,74.6,65.3,293.78,67412.0,79193.0,0.0,,Pelmo Park-Humberlea,10722.0,412618.0,4.55958549222798,0.8465909090909091,2.777720207253886,48.38274932614554,20.889487870619945,30.458221024258762,20.21563342318059,26.81940700808625,52.96495956873316,2.4226110363391657,5.921938088829071,12.11305518169583,14.670255720053834,5.114401076716017,0.09973045822102426,33.82749326145552,65.36388140161725,78.30188679245283,34.90566037735849,21.967654986522913,95.28301886792453,11.17092866756393,25.302826379542395,31.44399460188934,16.0,75-100K
94,Playter Estates-Danforth,67,1012.3,115.3,448.5,0.0,128.1,76.9,296.85,62185.0,104631.0,2.0,,Playter Estates-Danforth,7804.0,842668.0,5.096894080169896,0.5364583333333334,2.071675073002389,17.622377622377623,58.6013986013986,23.916083916083924,40.55944055944056,29.51048951048951,29.930069930069926,4.329608938547486,14.106145251396649,21.927374301675982,25.558659217877093,17.597765363128488,0.04755244755244755,64.24581005586592,95.1117318435754,98.74301675977655,5.027932960893856,1.3966480446927374,92.30769230769229,20.27972027972028,22.237762237762237,37.39495798319329,5.0,100-125K
95,Willowridge-Martingrove-Richview,7,455.9,189.6,176.0,4.5,144.4,13.5,163.98,63701.0,81035.0,0.0,2.0,Willowridge-Martingrove-Richview,22156.0,511637.0,6.432748538011697,0.5632798573975044,2.5405343423919278,42.32804232804233,44.3856554967666,13.286302175191064,25.4406580493537,30.55229142185664,43.889541715628674,2.056404230317274,7.344300822561692,16.274970622796708,16.62749706227967,7.6968272620446525,0.1110458284371328,27.1873165002936,90.01761597181446,94.30416911332944,10.099823840281855,5.813270698766883,93.30199764982372,9.518213866039954,37.837837837837846,31.08108108108108,22.0,75-100K
96,Woburn,137,798.4,112.2,187.0,0.0,125.3,15.0,206.32,52018.0,63651.0,0.0,6.0,Woburn,53485.0,316584.0,13.928160016755678,0.4909774436090226,2.800555031940517,34.22836994846759,53.268239761323564,12.394901003525904,22.878828950935212,26.321496340471672,50.79967470859312,4.825155868799133,14.882081865004064,24.559501219842772,6.966657630794253,2.331255082678233,0.1918068366793272,32.592190889370926,77.81995661605207,95.25488069414317,22.234273318872017,4.799349240780911,91.97179278546244,16.39566395663957,25.121951219512194,35.82858692704095,52.0,50-75K
97,Woodbine-Lumsden,60,381.4,89.0,127.1,12.7,38.1,50.9,116.53,65259.0,75872.0,0.0,,Woodbine-Lumsden,7865.0,440700.0,5.577136514983351,0.6666666666666666,2.182297447280799,54.716981132075475,26.995645863570388,18.432510885341074,31.98263386396527,33.28509406657019,34.73227206946454,3.4732272069464543,12.15629522431259,20.40520984081042,16.642547033285094,6.078147612156295,0.06231884057971015,72.02898550724638,92.02898550724638,96.23188405797102,7.681159420289855,3.4782608695652173,87.97101449275362,13.768115942028984,21.30434782608696,31.88405797101449,10.0,75-100K
98,Bayview Village,52,308.5,172.9,172.9,0.0,65.4,60.8,130.08,67186.0,96809.0,3.0,1.0,Bayview Village,21396.0,533089.0,1.2066066660073187,1.459016393442623,2.1161111660567697,21.237545883586787,67.33088620870478,11.326691137912952,33.52570828961175,34.20776495278069,32.3189926547744,8.866736621196223,15.372507869884574,23.08499475341028,15.949632738719833,8.971668415529905,0.11490031479538301,15.47743966421826,41.9202518363064,58.76180482686254,57.97481636935992,41.133263378803775,96.37985309548792,26.60020986358867,22.560335781741863,45.49763033175356,8.0,75-100K
99,Bedford Park-Nortown,39,266.8,284.0,383.0,0.0,64.6,77.5,179.32,90934.0,176139.0,2.0,1.0,Bedford Park-Nortown,23236.0,1191040.0,2.6071586389748123,0.597457627118644,2.5669465311533357,55.98141695702671,37.804878048780495,6.2717770034843205,27.75842044134727,28.04878048780488,44.3089430894309,2.6147588611272514,7.437536316095294,12.608948285880304,42.068564787914006,33.87565368971528,0.07084785133565621,34.068485200232146,63.43586767266397,86.07080673244343,36.68020893789901,14.045269878119562,94.48315911730545,8.604651162790697,30.63953488372093,27.0081490104773,,175-200K
100,Rockcliffe-Smythe,111,678.8,161.8,193.3,4.5,49.4,40.5,188.05,49695.0,61303.0,1.0,1.0,Rockcliffe-Smythe,22246.0,353967.0,13.197006429851374,0.4504792332268371,2.3448930114894067,30.501930501930502,50.02757859900717,19.415333701047988,32.94701986754967,27.428256070640177,39.624724061810156,4.633204633204633,16.050744622173195,26.916712630998344,6.343077771649201,1.8201875344732488,0.14411927112092768,46.96132596685082,92.3204419889503,98.39779005524862,7.734806629834254,1.6574585635359116,90.06073992269465,14.743235781336276,28.87907233572612,35.23230088495576,20.0,50-75K
101,Bridle Path-Sunnybrook-York Mills,41,474.9,118.7,550.4,0.0,140.3,32.4,219.45,208674.0,481497.0,0.0,,Bridle Path-Sunnybrook-York Mills,9266.0,1849084.0,0.0,inf,2.6641748131109835,70.10785824345146,20.647149460708786,9.244992295839754,19.290123456790127,31.17283950617284,49.69135802469136,3.2407407407407414,5.401234567901233,7.716049382716049,61.41975308641975,52.62345679012346,0.016975308641975308,26.69753086419753,45.06172839506172,67.12962962962963,54.47530864197532,32.407407407407405,97.06790123456791,5.092592592592593,30.709876543209877,22.839506172839503,5.0,250K+
102,Don Valley Village,47,547.1,77.6,110.9,0.0,125.7,51.8,152.18,56780.0,72457.0,1.0,2.0,Don Valley Village,27051.0,478489.0,1.5300117693213025,3.6666666666666665,2.653099254609651,21.2531328320802,59.498746867167924,19.24812030075188,21.224284997491214,30.00501756146513,48.82087305569493,5.0651955867602805,11.48445336008024,20.310932798395182,11.785356068204615,5.315947843530592,0.1579739217652959,9.93975903614458,88.20281124497994,93.77510040160642,11.74698795180723,6.174698795180722,93.2194876946258,14.192577733199599,26.83049147442327,40.91595369904378,11.0,50-75K
103,Weston,113,1089.4,272.3,322.4,11.1,144.5,22.2,310.32,45119.0,57538.0,0.0,1.0,Weston,17992.0,280187.0,13.000868378613074,0.7767175572519084,2.2319811437786874,21.315789473684212,70.98684210526315,7.894736842105262,36.9321922317314,27.32060566161948,35.747202106649105,5.464121132323897,20.40816326530612,32.85055957867018,6.319947333772218,2.3041474654377883,0.1932938856015779,35.78947368421053,80.46052631578948,95.19736842105264,19.539473684210527,4.802631578947368,90.38841342988808,19.157340355497038,21.132323897300857,42.76315789473684,13.0,50-75K
104,Lawrence Park South,103,197.6,184.5,382.1,0.0,85.6,52.7,150.42,127853.0,250437.0,2.0,1.0,Lawrence Park South,15179.0,1215390.0,1.8780122984876184,0.7079646017699115,2.5226857237826157,59.530026109660575,33.768494342906884,6.61444734551784,25.47826086956522,29.39130434782609,44.95652173913044,3.133159268929504,7.136640557006094,11.401218450826805,50.82680591818973,41.34029590948651,0.03655352480417755,71.3913043478261,82.8695652173913,93.30434782608695,17.130434782608695,6.695652173913044,93.29268292682929,11.728931364031274,23.284100781928764,22.929380993897123,10.0,250K+
105,Brookhaven-Amesbury,30,563.2,191.5,281.6,0.0,95.7,61.9,198.98,47040.0,59896.0,0.0,2.0,Brookhaven-Amesbury,17757.0,352428.0,8.834558272086396,1.0237691001697793,2.663416829158542,27.623456790123452,66.12654320987653,6.172839506172839,23.82420971472629,27.139552814186587,48.72783346183501,3.4722222222222223,12.5,23.996913580246915,6.172839506172839,2.314814814814815,0.2199074074074074,29.992289899768696,79.64533538936007,94.834232845027,20.43176561295297,5.242868157286045,89.82266769468004,16.126543209876544,20.524691358024693,40.35493827160494,7.0,50-75K
106,Long Branch,19,585.1,119.0,287.6,0.0,297.5,19.8,218.17,52771.0,73058.0,1.0,1.0,Long Branch,10084.0,459088.0,2.0602526724975703,1.6698113207547167,1.9599611273080664,30.73727933541017,60.8515057113188,8.515057113187954,38.79668049792531,32.676348547717836,28.319502074688803,4.46521287642783,12.668743509865005,22.326064382139148,13.08411214953271,6.230529595015576,0.09355509355509356,46.93665628245068,82.13914849428868,90.65420560747664,17.86085150571132,9.345794392523365,90.44652128764278,20.89397089397089,19.646569646569645,35.37981269510926,6.0,50-75K
107,Malvern,132,760.4,162.1,100.5,2.3,105.0,22.8,192.18,57528.0,68011.0,0.0,5.0,Malvern,43794.0,256488.0,6.651836969001148,0.9180151024811221,3.1425086107921927,25.90383898620947,28.5501304509877,45.62057398434588,15.71109456440804,22.598659717051376,61.54132539091586,2.644320297951583,8.640595903165735,16.722532588454378,7.3743016759776525,1.675977653631285,0.1736214605067064,3.79746835443038,72.71034996276994,95.53239017125836,27.401340282948624,4.579300074460164,93.37057728119179,11.801935964259119,22.300819061801935,35.6929955290611,39.0,50-75K
108,Dufferin Grove,83,789.1,50.9,373.4,0.0,271.5,67.9,258.8,47843.0,64089.0,1.0,,Dufferin Grove,11785.0,502736.0,0.705073086844368,7.097560975609755,2.0266552020636284,5.703771849126035,74.24103035878566,20.3311867525299,37.07451701931922,33.854645814167434,28.978840846366147,4.051565377532229,13.259668508287294,22.467771639042358,10.773480662983424,4.8802946593001835,0.09751609935602576,57.352941176470594,85.66176470588233,93.19852941176471,14.154411764705882,6.617647058823528,90.88397790055248,32.07720588235294,16.81985294117647,39.87108655616943,19.0,50-75K
109,Maple Leaf,29,306.6,257.1,148.4,0.0,49.5,39.6,133.53,57721.0,73197.0,0.0,,Maple Leaf,10111.0,540741.0,4.7348484848484835,0.9142857142857144,2.7356601731601735,45.991561181434605,40.365682137834035,13.361462728551336,21.518987341772156,28.83263009845289,49.64838255977497,2.247191011235955,6.741573033707866,17.275280898876403,11.938202247191011,5.617977528089888,0.19127988748241911,36.849507735583686,84.52883263009846,97.32770745428974,15.611814345991561,2.8129395218002813,92.82700421940928,10.689170182841071,31.92686357243319,28.270042194092827,,50-75K
110,Markland Wood,12,161.1,85.3,246.4,0.0,113.7,28.4,105.82,74376.0,102729.0,2.0,1.0,Markland Wood,10554.0,505350.0,0.0,inf,2.427322907083717,41.29930394431555,50.92807424593968,7.77262180974478,27.40998838559814,33.79790940766551,39.02439024390244,1.6260162601626016,4.181184668989547,10.452961672473867,24.157955865272942,13.35656213704994,0.055684454756380515,19.025522041763338,97.7958236658933,98.95591647331787,2.2041763341067284,1.0440835266821349,94.90150637311704,6.844547563805103,38.74709976798144,24.622531939605107,,100-125K
111,Steeles,116,182.8,125.9,264.0,0.0,36.6,20.3,104.93,60946.0,75305.0,0.0,6.0,Steeles,24623.0,440688.0,0.0,inf,3.0656125498007967,47.69526248399488,38.412291933418686,14.020486555697826,16.058861164427384,29.49456174024312,54.4465770953295,3.964194373401535,10.613810741687981,19.82097186700767,11.572890025575447,4.859335038363171,0.12140575079872205,1.5355086372360844,80.48624440179142,96.16122840690979,19.961612284069094,4.286628278950737,95.78005115089516,7.539936102236422,37.18849840255591,37.323943661971825,5.0,75-100K
112,Lawrence Park North,105,260.1,123.2,150.6,0.0,34.2,27.4,99.25,125667.0,188808.0,1.0,,Lawrence Park North,14607.0,980831.0,1.9565990750622555,0.4909090909090909,2.598185699039488,57.32718894009216,22.304147465437783,20.276497695852534,23.4533702677747,26.869806094182824,49.7691597414589,2.4907749077490773,6.826568265682657,10.51660516605166,48.70848708487085,37.36162361623617,0.027649769585253458,71.12546125461255,85.14760147601477,93.45018450184502,14.85239852398524,6.549815498154983,94.5521698984303,9.611829944547138,22.55083179297597,22.437673130193907,,175-200K
113,Yonge-Eglinton,100,871.6,110.0,338.5,8.5,169.2,67.7,260.92,72977.0,126230.0,1.0,,Yonge-Eglinton,11817.0,975449.0,2.4414222513517942,0.5100671140939598,1.9362608553170573,24.669603524229075,60.61674008810573,14.713656387665198,41.63732394366197,29.84154929577465,28.52112676056338,5.457746478873238,11.091549295774648,17.16549295774648,27.112676056338028,19.54225352112676,0.06073943661971831,52.728873239436616,83.01056338028171,88.90845070422537,16.989436619718305,11.091549295774648,94.27312775330395,27.136563876651984,19.559471365638768,33.95061728395062,6.0,125-150K
114,Mimico,17,959.8,176.7,229.7,2.9,47.1,53.0,244.87,,,2.0,3.0,Mimico (includes Humber Bay Shores),33964.0,429941.0,4.622669139900419,0.5776135163674763,1.6579127208825541,12.68992684299381,78.5312324141812,8.806978052898145,46.24472573839663,33.333333333333336,20.365682137834035,5.285352825414675,14.422265954456003,22.378408771436604,14.759628900759068,7.000281135788586,0.0798425639583919,23.92465560865898,50.2670789991566,68.59713241495642,49.5080123699747,31.177958954174862,94.23833614390108,26.29358830146232,19.938132733408324,39.864864864864856,61.0,
115,Morningside,135,1048.4,45.8,97.4,5.7,114.6,22.9,222.47,54746.0,67038.0,0.0,,Morningside,17455.0,289646.0,7.610853739245533,0.9108695652173912,2.8879880873593646,38.80851063829788,39.744680851063826,21.446808510638302,20.493197278911566,27.210884353741488,52.210884353741505,4.5068027210884365,12.585034013605444,21.85374149659864,10.034013605442176,3.486394557823129,0.16851063829787233,20.068027210884352,88.18027210884355,96.93877551020408,11.819727891156466,3.0612244897959178,90.64625850340136,14.382978723404255,24.17021276595745,35.51401869158879,3.0,50-75K
116,Moss Park,73,3106.4,229.2,1141.1,14.6,668.1,121.9,880.22,41295.0,66080.0,3.0,4.0,Moss Park,20506.0,457524.0,25.037960521058103,0.5020746887966805,1.6387756732997685,0.5627705627705628,91.68831168831169,7.8354978354978355,59.32496754651666,29.511034184335784,11.25054089138901,10.471657291215925,26.95802682821289,35.78537429684119,12.80830809173518,6.923409779316312,0.08135006490696667,22.37126784941584,47.72825616616184,66.07529208135007,52.35828645607962,34.01125054089139,92.25108225108222,35.569017741237566,10.904370402423194,39.99133448873484,54.0,50-75K
117,Little Portugal,84,572.0,77.1,372.8,0.0,64.3,57.8,190.67,59886.0,73283.0,2.0,,Little Portugal,15559.0,514960.0,4.768375540457074,0.6191709844559585,1.9220506485484867,3.633916554508749,77.92732166890983,18.169582772543738,39.39393939393939,36.4983164983165,24.107744107744107,4.713804713804714,12.188552188552187,20.13468013468013,12.053872053872054,5.589225589225589,0.063257065948856,45.154777927321675,58.344549125168236,62.651413189771205,41.58815612382234,37.28129205921938,93.53970390309557,43.808882907133246,11.978465679676983,42.26873733963538,10.0,50-75K
118,Woodbine Corridor,64,781.4,71.8,263.1,0.0,87.7,23.9,204.65,72937.0,88615.0,0.0,,Woodbine Corridor,12541.0,521549.0,14.964412811387902,0.2877526753864447,2.231494661921708,16.22364802933089,45.8295142071494,37.94683776351971,34.12844036697248,29.72477064220184,36.146788990825684,3.483043079743355,14.115490375802016,22.639780018331805,22.639780018331805,11.182401466544457,0.05596330275229358,65.53620531622364,85.6095325389551,94.22548120989916,14.023831347387716,5.407882676443631,90.73394495412843,17.323556370302473,16.773602199816686,28.676470588235286,11.0,75-100K
119,Newtonbrook East,50,410.0,167.7,329.3,0.0,74.5,49.7,171.87,61490.0,85842.0,1.0,,Newtonbrook East,16097.0,626626.0,4.636785162287482,0.8533333333333334,2.4879443585780527,45.098039215686285,47.7124183006536,6.862745098039214,25.919869174161896,31.561733442354864,42.681929681112024,8.927108927108929,18.509418509418513,27.84602784602784,15.888615888615886,8.763308763308764,0.11120196238757156,17.6759410801964,64.32078559738136,89.36170212765957,35.92471358428805,10.883797054009822,96.07522485690923,18.903436988543373,28.968903436988548,48.5172981878089,14.0,75-100K
120,Milliken,130,372.6,312.4,496.8,3.8,124.2,82.8,232.1,60262.0,74319.0,1.0,3.0,Milliken,26572.0,387879.0,3.1565495207667733,1.6356275303643724,3.3957827476038345,50.748210800260246,26.870527000650622,22.25113858165257,12.036434612882235,25.50422901756669,62.19908913467793,2.6041666666666665,8.658854166666666,17.708333333333332,10.481770833333334,3.8411458333333335,0.14973958333333334,1.236174365647365,77.42355237475601,95.44567338972023,22.121014964216002,4.0988939492517895,96.74479166666669,10.560625814863103,29.92177314211213,39.218241042345284,13.0,50-75K
121,Pleasant View,46,278.2,151.7,75.9,0.0,94.8,25.3,104.32,65197.0,75839.0,0.0,1.0,Pleasant View,15818.0,463859.0,0.0,inf,2.7736279151323866,18.297101449275363,41.66666666666666,39.94565217391305,18.568840579710145,29.52898550724637,51.90217391304348,3.985507246376812,8.876811594202898,16.847826086956523,13.67753623188406,5.344202898550725,0.08522212148685404,6.606334841628959,93.75565610859728,99.00452488687785,6.153846153846153,0.9049773755656108,95.19492293744335,9.502262443438914,33.574660633484164,32.75862068965517,8.0,75-100K
122,Wychwood,94,515.7,48.8,327.5,7.0,62.7,0.0,160.28,55941.0,84199.0,1.0,,Wychwood,14349.0,656868.0,18.658043654001613,0.28682842287694976,2.319967663702506,15.632965165675445,57.34919286321156,27.187765505522513,35.229202037351435,31.748726655348054,33.1918505942275,4.078164825828377,13.933729821580288,24.044180118946475,18.181818181818183,10.365335598980456,0.06960950764006793,54.15959252971138,84.21052631578948,92.78438030560272,16.044142614601018,7.470288624787776,92.02714164546222,23.08998302207131,24.95755517826825,35.68994889267461,9.0,75-100K
123,Leaside-Bennington,56,184.2,190.2,261.5,0.0,11.9,41.6,114.9,102666.0,171367.0,3.0,,Leaside-Bennington,16828.0,1071823.0,1.3259833134684147,0.651685393258427,2.5071513706793804,55.35714285714285,30.201863354037272,14.208074534161492,27.738927738927735,26.806526806526808,45.76534576534576,2.8749028749028747,6.138306138306137,10.955710955710957,44.67754467754468,35.120435120435125,0.03959627329192546,72.0496894409938,84.62732919254658,93.40062111801242,15.295031055900619,6.521739130434782,94.40993788819875,7.614607614607616,25.7964257964258,22.023346303501945,15.0,150-175K
124,Briar Hill-Belgravia,108,547.1,133.3,357.7,0.0,189.4,49.1,212.77,53990.0,65688.0,1.0,,Briar Hill-Belgravia,14257.0,373937.0,5.394736842105262,0.9420731707317072,2.3449013157894742,28.073234524847432,60.94158674803836,10.810810810810812,29.96515679442509,28.310104529616734,41.376306620209064,4.18848167539267,12.565445026178011,22.07678883071553,8.551483420593367,2.8795811518324608,0.17015706806282724,40.24390243902439,89.6341463414634,98.17073170731709,10.191637630662019,1.6550522648083623,92.24738675958187,16.202090592334496,22.822299651567945,34.235807860262014,14.0,50-75K
125,Yonge-St.Clair,97,295.3,47.9,223.5,0.0,31.9,47.9,107.75,71728.0,153993.0,1.0,,Yonge-St.Clair,12528.0,995616.0,0.0,inf,1.6759866220735786,7.4126870990734135,81.04062722736992,11.404133998574483,49.358974358974365,34.54415954415954,16.025641025641026,4.775481111903066,10.548823948681397,16.892373485388454,26.3007840342124,19.672131147540984,0.05413105413105413,46.723646723646716,82.47863247863249,94.51566951566952,17.592592592592588,5.5555555555555545,91.95156695156695,25.374198146828228,28.082679971489664,36.111111111111114,3.0,150-175K
126,York University Heights,27,1340.9,521.9,391.4,0.0,286.3,101.5,440.33,45534.0,55531.0,3.0,1.0,York University Heights,27593.0,359372.0,4.624015926160528,1.4227005870841487,2.496878110578228,12.137592137592137,63.88206388206388,23.734643734643736,26.16822429906542,27.79144121987211,46.040334481062466,5.656665027053616,14.11706837186424,24.44663059517954,6.296114117068372,1.9183472700442696,0.2120019675356616,12.229862475442046,75.19646365422396,86.1984282907662,24.95088408644401,13.948919449901767,92.1259842519685,24.778761061946906,21.28810226155359,40.21685559388862,22.0,50-75K
127,Lansing-Westgate,38,445.4,198.0,241.3,0.0,68.1,68.1,170.15,70571.0,111214.0,0.0,1.0,Lansing-Westgate,16164.0,646460.0,0.0,inf,2.328100244850929,35.73596358118361,60.54628224582701,3.4901365705614573,28.452200303490137,32.54931714719272,38.99848254931715,6.974981046247157,12.812736921910536,19.787717968157693,24.943138741470808,16.603487490523122,0.11380880121396054,29.135053110773896,56.22154779969651,77.9969650986343,43.77845220030349,22.003034901365705,94.61305007587255,22.382397572078904,20.257966616084982,38.58447488584475,8.0,100-125K
128,Yorkdale-Glen Park,31,1411.8,412.1,567.4,6.8,283.7,195.9,479.62,54093.0,72429.0,3.0,2.0,Yorkdale-Glen Park,14804.0,421045.0,13.648024628014367,0.3659147869674185,2.531896699161964,40.50514499532273,37.698783910196454,21.515434985968195,25.350795135640787,30.21515434985968,44.52759588400375,3.086997193638915,9.448082319925163,18.52198316183349,13.189897100093546,6.0804490177736215,0.12242990654205607,37.85046728971962,77.94392523364486,87.47663551401871,22.05607476635514,12.523364485981308,92.97752808988764,13.576779026217228,30.711610486891388,30.83411433926898,5.0,50-75K
129,Stonegate-Queensway,16,327.3,135.7,255.5,0.0,87.8,16.0,137.05,78238.0,104117.0,3.0,2.0,Stonegate-Queensway,25051.0,690949.0,1.183920704845815,2.1705426356589146,2.2991005873715125,55.80722891566265,36.626506024096386,7.614457831325301,29.156626506024093,31.807228915662645,39.180722891566255,2.8901734104046244,8.140655105973025,15.703275529865124,26.63776493256262,16.522157996146436,0.07421686746987953,59.80722891566265,84.04819277108433,93.01204819277108,15.903614457831322,6.9397590361445785,93.49397590361444,11.614457831325302,26.024096385542173,27.303424987940183,8.0,100-125K
130,Tam O'Shanter-Sullivan,118,389.9,91.1,244.1,7.3,109.3,10.9,142.1,49720.0,65993.0,1.0,2.0,Tam O'Shanter-Sullivan,27446.0,411143.0,9.485747303543912,0.5979695431472081,2.643104776579353,30.61630218687873,51.689860834990064,17.74353876739563,24.105367793240557,29.721669980119284,46.322067594433406,3.7792143212332174,12.431626056688216,23.222277473893584,9.796121332670314,3.9781203381402284,0.15357852882703776,17.992047713717692,78.2803180914513,94.831013916501,21.91848906560636,5.367793240556661,94.58519622454048,10.238568588469183,35.78528827037773,38.00995024875622,12.0,50-75K
131,The Beaches,63,375.6,92.7,264.3,0.0,74.2,41.7,141.42,85028.0,145586.0,4.0,2.0,The Beaches,21567.0,751945.0,1.9443884747128752,0.7409326424870466,2.17277856135402,27.480106100795755,48.43501326259947,24.084880636604773,34.517497348886536,30.96500530222693,34.411452810180286,3.6604774535809015,9.549071618037138,15.013262599469495,34.16445623342175,24.031830238726787,0.03607427055702918,69.49602122015915,82.49336870026525,94.9071618037135,17.50663129973475,5.092838196286471,91.83023872679043,12.838196286472149,21.114058355437667,28.768577494692146,6.0,125-150K
132,Thistletown-Beaumond Heights,3,714.3,482.6,125.5,0.0,67.6,29.0,236.5,62042.0,73512.0,0.0,2.0,Thistletown-Beaumond Heights,10360.0,414216.0,12.87442396313364,0.6040268456375839,2.9838709677419355,48.01829268292683,29.72560975609756,22.256097560975608,17.378048780487806,26.82926829268293,55.64024390243903,2.2865853658536586,7.926829268292682,16.76829268292683,10.823170731707316,3.6585365853658534,0.1582952815829528,38.20395738203958,91.47640791476408,98.02130898021306,7.9147640791476395,1.3698630136986298,93.90243902439023,11.908396946564885,30.0763358778626,32.51908396946565,2.0,50-75K
133,Thorncliffe Park,55,544.8,61.6,127.9,0.0,61.6,23.7,136.6,40795.0,51739.0,3.0,1.0,Thorncliffe Park,21108.0,313618.0,7.626297577854672,2.005444646098004,2.9215224913494815,0.0,98.66760168302946,1.1921458625525947,26.966292134831463,22.89325842696629,50.35112359550562,5.754385964912281,16.0,28.140350877192983,3.649122807017544,1.4035087719298245,0.4220505617977528,19.73314606741573,81.03932584269663,93.46910112359552,18.890449438202246,6.46067415730337,87.50877192982456,18.45614035087719,20.84210526315789,50.17568517217147,4.0,50-75K
134,Danforth East York,59,483.1,52.4,139.7,0.0,34.9,40.7,125.13,70739.0,84265.0,0.0,,Danforth East York,17180.0,518568.0,3.945017182130584,0.8048780487804879,2.361512027491409,41.31054131054131,25.997150997151,32.763532763532766,28.703703703703702,31.05413105413105,40.384615384615394,2.846975088967972,9.893238434163699,18.00711743772242,21.565836298932386,9.750889679715304,0.06908831908831907,72.74021352313167,91.1032028469751,94.80427046263344,8.967971530249109,5.266903914590747,90.95441595441595,13.176638176638177,25.284900284900285,27.0848182466144,,75-100K
135,Humewood-Cedarvale,106,320.2,111.4,181.0,0.0,69.6,27.8,118.33,57140.0,92623.0,0.0,,Humewood-Cedarvale,14365.0,800442.0,6.4821558630735625,0.5550561797752809,2.0924981791697013,28.201219512195124,65.54878048780488,6.402439024390245,38.58447488584475,31.20243531202435,30.365296803652967,4.4901065449010655,14.383561643835616,23.515981735159816,20.243531202435317,14.231354642313544,0.09969558599695584,63.39421613394216,92.92237442922377,97.41248097412479,6.9254185692541865,2.43531202435312,90.55597867479055,26.21951219512195,19.588414634146346,35.72519083969465,8.0,75-100K
136,Islington-City Centre West,14,504.9,391.2,282.0,2.3,79.6,84.2,224.03,66537.0,89289.0,8.0,7.0,Islington-City Centre West,43965.0,491678.0,6.2528250715684806,0.3927710843373494,2.208075937923761,26.77878395860285,67.76196636481242,5.329883570504529,34.44616977225673,33.15217391304348,32.50517598343685,3.803363518758085,10.271668822768435,17.490297542043983,16.015523932729625,8.615782664941785,0.10734609415416453,22.04968944099379,54.83954451345755,68.40062111801242,45.18633540372671,31.62525879917184,92.88118042971784,22.265321955003877,22.52392035169382,33.048433048433054,45.0,75-100K
137,Danforth,66,786.3,72.4,413.8,0.0,186.2,41.4,250.02,69640.0,85379.0,1.0,,Danforth,9666.0,585093.0,17.40506329113924,0.21398601398601397,2.3529698149951312,17.452229299363058,44.33121019108279,38.47133757961783,30.445859872611464,28.025477707006374,41.40127388535032,3.5623409669211195,14.376590330788806,22.646310432569976,25.06361323155216,13.231552162849873,0.05732484076433121,77.67857142857143,96.17346938775509,99.10714285714286,4.464285714285714,1.5306122448979589,91.46496815286623,15.286624203821654,29.044585987261147,30.318471337579613,6.0,75-100K
138,Rustic,28,593.5,372.2,140.8,10.1,30.2,10.1,192.82,43976.0,56844.0,0.0,1.0,Rustic,9941.0,493442.0,38.5131508319914,0.243205574912892,2.6680085882984432,31.50684931506849,60.41095890410959,8.219178082191782,24.383561643835613,29.17808219178082,46.301369863013704,3.6986301369863015,17.26027397260274,31.64383561643836,8.082191780821919,3.150684931506849,0.20410958904109588,28.63013698630137,81.91780821917807,98.76712328767124,18.082191780821923,1.2328767123287672,91.0958904109589,11.901504787961695,30.36935704514364,33.05898491083676,,50-75K
139,Scarborough Village,139,1046.4,107.6,239.2,0.0,167.4,12.0,262.1,42131.0,62141.0,1.0,,Scarborough Village,16724.0,356096.0,15.033425729659221,0.7407809110629068,2.7268873308331973,18.66554054054054,73.22635135135134,7.939189189189189,25.90717299578059,25.31645569620253,48.69198312236287,4.8141891891891895,15.54054054054054,26.85810810810811,7.179054054054054,3.293918918918919,0.22278481012658227,24.15540540540541,79.13851351351352,93.49662162162164,20.692567567567572,6.33445945945946,87.25738396624473,11.645569620253164,21.434599156118146,41.518987341772146,11.0,50-75K
